--
-- PostgreSQL database dump
--

-- Dumped from database version 17.5
-- Dumped by pg_dump version 17.5

SET statement_timeout = 0;
SET lock_timeout = 0;
SET idle_in_transaction_session_timeout = 0;
SET transaction_timeout = 0;
SET client_encoding = 'UTF8';
SET standard_conforming_strings = on;
SELECT pg_catalog.set_config('search_path', '', false);
SET check_function_bodies = false;
SET xmloption = content;
SET client_min_messages = warning;
SET row_security = off;

SET default_tablespace = '';

SET default_table_access_method = heap;

--
-- Name: auth_group; Type: TABLE; Schema: public; Owner: postgres
--

CREATE TABLE public.auth_group (
    id integer NOT NULL,
    name character varying(150) NOT NULL
);


ALTER TABLE public.auth_group OWNER TO postgres;

--
-- Name: auth_group_id_seq; Type: SEQUENCE; Schema: public; Owner: postgres
--

ALTER TABLE public.auth_group ALTER COLUMN id ADD GENERATED BY DEFAULT AS IDENTITY (
    SEQUENCE NAME public.auth_group_id_seq
    START WITH 1
    INCREMENT BY 1
    NO MINVALUE
    NO MAXVALUE
    CACHE 1
);


--
-- Name: auth_group_permissions; Type: TABLE; Schema: public; Owner: postgres
--

CREATE TABLE public.auth_group_permissions (
    id bigint NOT NULL,
    group_id integer NOT NULL,
    permission_id integer NOT NULL
);


ALTER TABLE public.auth_group_permissions OWNER TO postgres;

--
-- Name: auth_group_permissions_id_seq; Type: SEQUENCE; Schema: public; Owner: postgres
--

ALTER TABLE public.auth_group_permissions ALTER COLUMN id ADD GENERATED BY DEFAULT AS IDENTITY (
    SEQUENCE NAME public.auth_group_permissions_id_seq
    START WITH 1
    INCREMENT BY 1
    NO MINVALUE
    NO MAXVALUE
    CACHE 1
);


--
-- Name: auth_permission; Type: TABLE; Schema: public; Owner: postgres
--

CREATE TABLE public.auth_permission (
    id integer NOT NULL,
    name character varying(255) NOT NULL,
    content_type_id integer NOT NULL,
    codename character varying(100) NOT NULL
);


ALTER TABLE public.auth_permission OWNER TO postgres;

--
-- Name: auth_permission_id_seq; Type: SEQUENCE; Schema: public; Owner: postgres
--

ALTER TABLE public.auth_permission ALTER COLUMN id ADD GENERATED BY DEFAULT AS IDENTITY (
    SEQUENCE NAME public.auth_permission_id_seq
    START WITH 1
    INCREMENT BY 1
    NO MINVALUE
    NO MAXVALUE
    CACHE 1
);


--
-- Name: auth_user; Type: TABLE; Schema: public; Owner: postgres
--

CREATE TABLE public.auth_user (
    id integer NOT NULL,
    password character varying(128) NOT NULL,
    last_login timestamp with time zone,
    is_superuser boolean NOT NULL,
    username character varying(150) NOT NULL,
    first_name character varying(150) NOT NULL,
    last_name character varying(150) NOT NULL,
    email character varying(254) NOT NULL,
    is_staff boolean NOT NULL,
    is_active boolean NOT NULL,
    date_joined timestamp with time zone NOT NULL
);


ALTER TABLE public.auth_user OWNER TO postgres;

--
-- Name: auth_user_groups; Type: TABLE; Schema: public; Owner: postgres
--

CREATE TABLE public.auth_user_groups (
    id bigint NOT NULL,
    user_id integer NOT NULL,
    group_id integer NOT NULL
);


ALTER TABLE public.auth_user_groups OWNER TO postgres;

--
-- Name: auth_user_groups_id_seq; Type: SEQUENCE; Schema: public; Owner: postgres
--

ALTER TABLE public.auth_user_groups ALTER COLUMN id ADD GENERATED BY DEFAULT AS IDENTITY (
    SEQUENCE NAME public.auth_user_groups_id_seq
    START WITH 1
    INCREMENT BY 1
    NO MINVALUE
    NO MAXVALUE
    CACHE 1
);


--
-- Name: auth_user_id_seq; Type: SEQUENCE; Schema: public; Owner: postgres
--

ALTER TABLE public.auth_user ALTER COLUMN id ADD GENERATED BY DEFAULT AS IDENTITY (
    SEQUENCE NAME public.auth_user_id_seq
    START WITH 1
    INCREMENT BY 1
    NO MINVALUE
    NO MAXVALUE
    CACHE 1
);


--
-- Name: auth_user_user_permissions; Type: TABLE; Schema: public; Owner: postgres
--

CREATE TABLE public.auth_user_user_permissions (
    id bigint NOT NULL,
    user_id integer NOT NULL,
    permission_id integer NOT NULL
);


ALTER TABLE public.auth_user_user_permissions OWNER TO postgres;

--
-- Name: auth_user_user_permissions_id_seq; Type: SEQUENCE; Schema: public; Owner: postgres
--

ALTER TABLE public.auth_user_user_permissions ALTER COLUMN id ADD GENERATED BY DEFAULT AS IDENTITY (
    SEQUENCE NAME public.auth_user_user_permissions_id_seq
    START WITH 1
    INCREMENT BY 1
    NO MINVALUE
    NO MAXVALUE
    CACHE 1
);


--
-- Name: authtoken_token; Type: TABLE; Schema: public; Owner: postgres
--

CREATE TABLE public.authtoken_token (
    key character varying(40) NOT NULL,
    created timestamp with time zone NOT NULL,
    user_id integer NOT NULL
);


ALTER TABLE public.authtoken_token OWNER TO postgres;

--
-- Name: django_admin_log; Type: TABLE; Schema: public; Owner: postgres
--

CREATE TABLE public.django_admin_log (
    id integer NOT NULL,
    action_time timestamp with time zone NOT NULL,
    object_id text,
    object_repr character varying(200) NOT NULL,
    action_flag smallint NOT NULL,
    change_message text NOT NULL,
    content_type_id integer,
    user_id integer NOT NULL,
    CONSTRAINT django_admin_log_action_flag_check CHECK ((action_flag >= 0))
);


ALTER TABLE public.django_admin_log OWNER TO postgres;

--
-- Name: django_admin_log_id_seq; Type: SEQUENCE; Schema: public; Owner: postgres
--

ALTER TABLE public.django_admin_log ALTER COLUMN id ADD GENERATED BY DEFAULT AS IDENTITY (
    SEQUENCE NAME public.django_admin_log_id_seq
    START WITH 1
    INCREMENT BY 1
    NO MINVALUE
    NO MAXVALUE
    CACHE 1
);


--
-- Name: django_content_type; Type: TABLE; Schema: public; Owner: postgres
--

CREATE TABLE public.django_content_type (
    id integer NOT NULL,
    app_label character varying(100) NOT NULL,
    model character varying(100) NOT NULL
);


ALTER TABLE public.django_content_type OWNER TO postgres;

--
-- Name: django_content_type_id_seq; Type: SEQUENCE; Schema: public; Owner: postgres
--

ALTER TABLE public.django_content_type ALTER COLUMN id ADD GENERATED BY DEFAULT AS IDENTITY (
    SEQUENCE NAME public.django_content_type_id_seq
    START WITH 1
    INCREMENT BY 1
    NO MINVALUE
    NO MAXVALUE
    CACHE 1
);


--
-- Name: django_migrations; Type: TABLE; Schema: public; Owner: postgres
--

CREATE TABLE public.django_migrations (
    id bigint NOT NULL,
    app character varying(255) NOT NULL,
    name character varying(255) NOT NULL,
    applied timestamp with time zone NOT NULL
);


ALTER TABLE public.django_migrations OWNER TO postgres;

--
-- Name: django_migrations_id_seq; Type: SEQUENCE; Schema: public; Owner: postgres
--

ALTER TABLE public.django_migrations ALTER COLUMN id ADD GENERATED BY DEFAULT AS IDENTITY (
    SEQUENCE NAME public.django_migrations_id_seq
    START WITH 1
    INCREMENT BY 1
    NO MINVALUE
    NO MAXVALUE
    CACHE 1
);


--
-- Name: django_session; Type: TABLE; Schema: public; Owner: postgres
--

CREATE TABLE public.django_session (
    session_key character varying(40) NOT NULL,
    session_data text NOT NULL,
    expire_date timestamp with time zone NOT NULL
);


ALTER TABLE public.django_session OWNER TO postgres;

--
-- Name: funding_budgetallocation; Type: TABLE; Schema: public; Owner: postgres
--

CREATE TABLE public.funding_budgetallocation (
    id bigint NOT NULL,
    category character varying(100) NOT NULL,
    allocated_amount numeric(12,2) NOT NULL,
    spent_amount numeric(12,2) NOT NULL,
    description text,
    created_at timestamp with time zone NOT NULL,
    updated_at timestamp with time zone NOT NULL,
    fund_id bigint NOT NULL
);


ALTER TABLE public.funding_budgetallocation OWNER TO postgres;

--
-- Name: funding_budgetallocation_id_seq; Type: SEQUENCE; Schema: public; Owner: postgres
--

ALTER TABLE public.funding_budgetallocation ALTER COLUMN id ADD GENERATED BY DEFAULT AS IDENTITY (
    SEQUENCE NAME public.funding_budgetallocation_id_seq
    START WITH 1
    INCREMENT BY 1
    NO MINVALUE
    NO MAXVALUE
    CACHE 1
);


--
-- Name: funding_fund; Type: TABLE; Schema: public; Owner: postgres
--

CREATE TABLE public.funding_fund (
    id bigint NOT NULL,
    name character varying(200) NOT NULL,
    description text,
    total_budget numeric(12,2) NOT NULL,
    spent_amount numeric(12,2) NOT NULL,
    funding_source character varying(200),
    grant_number character varying(100),
    principal_investigator character varying(200),
    start_date date,
    end_date date,
    notes text,
    is_archived boolean NOT NULL,
    created_at timestamp with time zone NOT NULL,
    updated_at timestamp with time zone NOT NULL,
    created_by_id integer NOT NULL,
    annual_budgets jsonb DEFAULT '{}'::jsonb NOT NULL,
    current_year integer DEFAULT 1 NOT NULL,
    funding_agency character varying(10) DEFAULT 'other'::character varying NOT NULL,
    grant_duration_years integer DEFAULT 1 NOT NULL
);


ALTER TABLE public.funding_fund OWNER TO postgres;

--
-- Name: funding_fund_id_seq; Type: SEQUENCE; Schema: public; Owner: postgres
--

ALTER TABLE public.funding_fund ALTER COLUMN id ADD GENERATED BY DEFAULT AS IDENTITY (
    SEQUENCE NAME public.funding_fund_id_seq
    START WITH 1
    INCREMENT BY 1
    NO MINVALUE
    NO MAXVALUE
    CACHE 1
);


--
-- Name: funding_fundcarryover; Type: TABLE; Schema: public; Owner: postgres
--

CREATE TABLE public.funding_fundcarryover (
    id bigint NOT NULL,
    from_fiscal_year integer NOT NULL,
    to_fiscal_year integer NOT NULL,
    carryover_amount numeric(12,2) NOT NULL,
    original_budget numeric(12,2) NOT NULL,
    spent_amount numeric(12,2) NOT NULL,
    is_approved boolean NOT NULL,
    approved_at timestamp with time zone,
    is_processed boolean NOT NULL,
    processed_at timestamp with time zone,
    notes text,
    created_at timestamp with time zone NOT NULL,
    approved_by_id integer,
    created_by_id integer NOT NULL,
    fund_id bigint NOT NULL
);


ALTER TABLE public.funding_fundcarryover OWNER TO postgres;

--
-- Name: funding_fundcarryover_id_seq; Type: SEQUENCE; Schema: public; Owner: postgres
--

ALTER TABLE public.funding_fundcarryover ALTER COLUMN id ADD GENERATED BY DEFAULT AS IDENTITY (
    SEQUENCE NAME public.funding_fundcarryover_id_seq
    START WITH 1
    INCREMENT BY 1
    NO MINVALUE
    NO MAXVALUE
    CACHE 1
);


--
-- Name: funding_fundingreport; Type: TABLE; Schema: public; Owner: postgres
--

CREATE TABLE public.funding_fundingreport (
    id bigint NOT NULL,
    title character varying(200) NOT NULL,
    report_type character varying(20) NOT NULL,
    start_date date NOT NULL,
    end_date date NOT NULL,
    summary_data jsonb NOT NULL,
    generated_at timestamp with time zone NOT NULL,
    generated_by_id integer NOT NULL,
    fiscal_year integer,
    is_tri_agency_compliant boolean DEFAULT false NOT NULL
);


ALTER TABLE public.funding_fundingreport OWNER TO postgres;

--
-- Name: funding_fundingreport_funds; Type: TABLE; Schema: public; Owner: postgres
--

CREATE TABLE public.funding_fundingreport_funds (
    id bigint NOT NULL,
    fundingreport_id bigint NOT NULL,
    fund_id bigint NOT NULL
);


ALTER TABLE public.funding_fundingreport_funds OWNER TO postgres;

--
-- Name: funding_fundingreport_funds_id_seq; Type: SEQUENCE; Schema: public; Owner: postgres
--

ALTER TABLE public.funding_fundingreport_funds ALTER COLUMN id ADD GENERATED BY DEFAULT AS IDENTITY (
    SEQUENCE NAME public.funding_fundingreport_funds_id_seq
    START WITH 1
    INCREMENT BY 1
    NO MINVALUE
    NO MAXVALUE
    CACHE 1
);


--
-- Name: funding_fundingreport_id_seq; Type: SEQUENCE; Schema: public; Owner: postgres
--

ALTER TABLE public.funding_fundingreport ALTER COLUMN id ADD GENERATED BY DEFAULT AS IDENTITY (
    SEQUENCE NAME public.funding_fundingreport_id_seq
    START WITH 1
    INCREMENT BY 1
    NO MINVALUE
    NO MAXVALUE
    CACHE 1
);


--
-- Name: funding_transaction; Type: TABLE; Schema: public; Owner: postgres
--

CREATE TABLE public.funding_transaction (
    id bigint NOT NULL,
    amount numeric(12,2) NOT NULL,
    transaction_type character varying(20) NOT NULL,
    item_name character varying(200),
    description text,
    request_id integer,
    reference_number character varying(100),
    transaction_date timestamp with time zone NOT NULL,
    created_by_id integer NOT NULL,
    fund_id bigint NOT NULL,
    cost_type character varying(10) NOT NULL,
    expense_category character varying(15) NOT NULL,
    fiscal_year integer,
    invoice_number character varying(100),
    vendor character varying(200)
);


ALTER TABLE public.funding_transaction OWNER TO postgres;

--
-- Name: funding_transaction_id_seq; Type: SEQUENCE; Schema: public; Owner: postgres
--

ALTER TABLE public.funding_transaction ALTER COLUMN id ADD GENERATED BY DEFAULT AS IDENTITY (
    SEQUENCE NAME public.funding_transaction_id_seq
    START WITH 1
    INCREMENT BY 1
    NO MINVALUE
    NO MAXVALUE
    CACHE 1
);


--
-- Name: items_item; Type: TABLE; Schema: public; Owner: postgres
--

CREATE TABLE public.items_item (
    id bigint NOT NULL,
    serial_number character varying(20) NOT NULL,
    name character varying(255) NOT NULL,
    catalog_number character varying(100) NOT NULL,
    quantity numeric(10,2) NOT NULL,
    unit character varying(50) NOT NULL,
    price numeric(10,2),
    url character varying(200) NOT NULL,
    low_stock_threshold integer,
    is_archived boolean NOT NULL,
    created_at timestamp with time zone NOT NULL,
    updated_at timestamp with time zone NOT NULL,
    properties jsonb NOT NULL,
    owner_id integer,
    item_type_id bigint NOT NULL,
    location_id bigint,
    vendor_id bigint,
    expiration_alert_days integer NOT NULL,
    expiration_date date,
    last_used_date date,
    lot_number character varying(100) NOT NULL,
    received_date date,
    storage_conditions text NOT NULL,
    storage_temperature character varying(50) NOT NULL,
    fund_id integer,
    CONSTRAINT items_item_expiration_alert_days_check CHECK ((expiration_alert_days >= 0)),
    CONSTRAINT items_item_low_stock_threshold_check CHECK ((low_stock_threshold >= 0))
);


ALTER TABLE public.items_item OWNER TO postgres;

--
-- Name: items_item_id_seq; Type: SEQUENCE; Schema: public; Owner: postgres
--

ALTER TABLE public.items_item ALTER COLUMN id ADD GENERATED BY DEFAULT AS IDENTITY (
    SEQUENCE NAME public.items_item_id_seq
    START WITH 1
    INCREMENT BY 1
    NO MINVALUE
    NO MAXVALUE
    CACHE 1
);


--
-- Name: items_itemtype; Type: TABLE; Schema: public; Owner: postgres
--

CREATE TABLE public.items_itemtype (
    id bigint NOT NULL,
    name character varying(100) NOT NULL,
    custom_fields_schema jsonb NOT NULL
);


ALTER TABLE public.items_itemtype OWNER TO postgres;

--
-- Name: items_itemtype_id_seq; Type: SEQUENCE; Schema: public; Owner: postgres
--

ALTER TABLE public.items_itemtype ALTER COLUMN id ADD GENERATED BY DEFAULT AS IDENTITY (
    SEQUENCE NAME public.items_itemtype_id_seq
    START WITH 1
    INCREMENT BY 1
    NO MINVALUE
    NO MAXVALUE
    CACHE 1
);


--
-- Name: items_location; Type: TABLE; Schema: public; Owner: postgres
--

CREATE TABLE public.items_location (
    id bigint NOT NULL,
    name character varying(255) NOT NULL,
    description text,
    parent_id bigint
);


ALTER TABLE public.items_location OWNER TO postgres;

--
-- Name: items_location_id_seq; Type: SEQUENCE; Schema: public; Owner: postgres
--

ALTER TABLE public.items_location ALTER COLUMN id ADD GENERATED BY DEFAULT AS IDENTITY (
    SEQUENCE NAME public.items_location_id_seq
    START WITH 1
    INCREMENT BY 1
    NO MINVALUE
    NO MAXVALUE
    CACHE 1
);


--
-- Name: items_vendor; Type: TABLE; Schema: public; Owner: postgres
--

CREATE TABLE public.items_vendor (
    id bigint NOT NULL,
    name character varying(255) NOT NULL,
    website character varying(200),
    created_at timestamp with time zone NOT NULL
);


ALTER TABLE public.items_vendor OWNER TO postgres;

--
-- Name: items_vendor_id_seq; Type: SEQUENCE; Schema: public; Owner: postgres
--

ALTER TABLE public.items_vendor ALTER COLUMN id ADD GENERATED BY DEFAULT AS IDENTITY (
    SEQUENCE NAME public.items_vendor_id_seq
    START WITH 1
    INCREMENT BY 1
    NO MINVALUE
    NO MAXVALUE
    CACHE 1
);


--
-- Name: requests_request; Type: TABLE; Schema: public; Owner: postgres
--

CREATE TABLE public.requests_request (
    id bigint NOT NULL,
    item_name character varying(255) NOT NULL,
    status character varying(10) NOT NULL,
    catalog_number character varying(100) NOT NULL,
    url character varying(200) NOT NULL,
    quantity integer NOT NULL,
    unit_size character varying(100) NOT NULL,
    unit_price numeric(10,2) NOT NULL,
    notes text NOT NULL,
    created_at timestamp with time zone NOT NULL,
    updated_at timestamp with time zone NOT NULL,
    requested_by_id integer NOT NULL,
    vendor_id bigint,
    fund_id integer,
    CONSTRAINT requests_request_quantity_check CHECK ((quantity >= 0))
);


ALTER TABLE public.requests_request OWNER TO postgres;

--
-- Name: requests_request_id_seq; Type: SEQUENCE; Schema: public; Owner: postgres
--

ALTER TABLE public.requests_request ALTER COLUMN id ADD GENERATED BY DEFAULT AS IDENTITY (
    SEQUENCE NAME public.requests_request_id_seq
    START WITH 1
    INCREMENT BY 1
    NO MINVALUE
    NO MAXVALUE
    CACHE 1
);


--
-- Name: requests_requesthistory; Type: TABLE; Schema: public; Owner: postgres
--

CREATE TABLE public.requests_requesthistory (
    id bigint NOT NULL,
    old_status character varying(10) NOT NULL,
    new_status character varying(10) NOT NULL,
    "timestamp" timestamp with time zone NOT NULL,
    notes text,
    request_id bigint NOT NULL,
    user_id integer
);


ALTER TABLE public.requests_requesthistory OWNER TO postgres;

--
-- Name: requests_requesthistory_id_seq; Type: SEQUENCE; Schema: public; Owner: postgres
--

ALTER TABLE public.requests_requesthistory ALTER COLUMN id ADD GENERATED BY DEFAULT AS IDENTITY (
    SEQUENCE NAME public.requests_requesthistory_id_seq
    START WITH 1
    INCREMENT BY 1
    NO MINVALUE
    NO MAXVALUE
    CACHE 1
);


--
-- Data for Name: auth_group; Type: TABLE DATA; Schema: public; Owner: postgres
--

COPY public.auth_group (id, name) FROM stdin;
\.


--
-- Data for Name: auth_group_permissions; Type: TABLE DATA; Schema: public; Owner: postgres
--

COPY public.auth_group_permissions (id, group_id, permission_id) FROM stdin;
\.


--
-- Data for Name: auth_permission; Type: TABLE DATA; Schema: public; Owner: postgres
--

COPY public.auth_permission (id, name, content_type_id, codename) FROM stdin;
1	Can add log entry	1	add_logentry
2	Can change log entry	1	change_logentry
3	Can delete log entry	1	delete_logentry
4	Can view log entry	1	view_logentry
5	Can add permission	2	add_permission
6	Can change permission	2	change_permission
7	Can delete permission	2	delete_permission
8	Can view permission	2	view_permission
9	Can add group	3	add_group
10	Can change group	3	change_group
11	Can delete group	3	delete_group
12	Can view group	3	view_group
13	Can add user	4	add_user
14	Can change user	4	change_user
15	Can delete user	4	delete_user
16	Can view user	4	view_user
17	Can add content type	5	add_contenttype
18	Can change content type	5	change_contenttype
19	Can delete content type	5	delete_contenttype
20	Can view content type	5	view_contenttype
21	Can add session	6	add_session
22	Can change session	6	change_session
23	Can delete session	6	delete_session
24	Can view session	6	view_session
25	Can add Token	7	add_token
26	Can change Token	7	change_token
27	Can delete Token	7	delete_token
28	Can view Token	7	view_token
29	Can add Token	8	add_tokenproxy
30	Can change Token	8	change_tokenproxy
31	Can delete Token	8	delete_tokenproxy
32	Can view Token	8	view_tokenproxy
33	Can add item type	9	add_itemtype
34	Can change item type	9	change_itemtype
35	Can delete item type	9	delete_itemtype
36	Can view item type	9	view_itemtype
37	Can add vendor	10	add_vendor
38	Can change vendor	10	change_vendor
39	Can delete vendor	10	delete_vendor
40	Can view vendor	10	view_vendor
41	Can add location	11	add_location
42	Can change location	11	change_location
43	Can delete location	11	delete_location
44	Can view location	11	view_location
45	Can add item	12	add_item
46	Can change item	12	change_item
47	Can delete item	12	delete_item
48	Can view item	12	view_item
49	Can add request	13	add_request
50	Can change request	13	change_request
51	Can delete request	13	delete_request
52	Can view request	13	view_request
53	Can add request history	14	add_requesthistory
54	Can change request history	14	change_requesthistory
55	Can delete request history	14	delete_requesthistory
56	Can view request history	14	view_requesthistory
57	Can add fund	15	add_fund
58	Can change fund	15	change_fund
59	Can delete fund	15	delete_fund
60	Can view fund	15	view_fund
61	Can add funding report	16	add_fundingreport
62	Can change funding report	16	change_fundingreport
63	Can delete funding report	16	delete_fundingreport
64	Can view funding report	16	view_fundingreport
65	Can add transaction	17	add_transaction
66	Can change transaction	17	change_transaction
67	Can delete transaction	17	delete_transaction
68	Can view transaction	17	view_transaction
69	Can add budget allocation	18	add_budgetallocation
70	Can change budget allocation	18	change_budgetallocation
71	Can delete budget allocation	18	delete_budgetallocation
72	Can view budget allocation	18	view_budgetallocation
73	Can add fund carry over	19	add_fundcarryover
74	Can change fund carry over	19	change_fundcarryover
75	Can delete fund carry over	19	delete_fundcarryover
76	Can view fund carry over	19	view_fundcarryover
\.


--
-- Data for Name: auth_user; Type: TABLE DATA; Schema: public; Owner: postgres
--

COPY public.auth_user (id, password, last_login, is_superuser, username, first_name, last_name, email, is_staff, is_active, date_joined) FROM stdin;
1	pbkdf2_sha256$1000000$N8qlvYLJRM5I0cbxxoIEvb$i9aW1vwwRxi1p00C3ma63CRJxjdMSeho6XVkOiesJf4=	\N	t	admin			admin@example.com	t	t	2025-07-22 12:53:53.325978-04
2		\N	f	testuser	Lab	User	test@lab.com	f	t	2025-07-22 12:55:38.825983-04
3		\N	f	apitest			api@example.com	t	t	2025-07-22 13:24:20.736956-04
\.


--
-- Data for Name: auth_user_groups; Type: TABLE DATA; Schema: public; Owner: postgres
--

COPY public.auth_user_groups (id, user_id, group_id) FROM stdin;
\.


--
-- Data for Name: auth_user_user_permissions; Type: TABLE DATA; Schema: public; Owner: postgres
--

COPY public.auth_user_user_permissions (id, user_id, permission_id) FROM stdin;
\.


--
-- Data for Name: authtoken_token; Type: TABLE DATA; Schema: public; Owner: postgres
--

COPY public.authtoken_token (key, created, user_id) FROM stdin;
d17e8dabae43ab9b8e6c10b235b843280956f26c	2025-07-22 12:54:41.344268-04	1
3c62258d7b50bb26bf1230410f79481e9080deb1	2025-07-22 17:35:39.174395-04	2
\.


--
-- Data for Name: django_admin_log; Type: TABLE DATA; Schema: public; Owner: postgres
--

COPY public.django_admin_log (id, action_time, object_id, object_repr, action_flag, change_message, content_type_id, user_id) FROM stdin;
\.


--
-- Data for Name: django_content_type; Type: TABLE DATA; Schema: public; Owner: postgres
--

COPY public.django_content_type (id, app_label, model) FROM stdin;
1	admin	logentry
2	auth	permission
3	auth	group
4	auth	user
5	contenttypes	contenttype
6	sessions	session
7	authtoken	token
8	authtoken	tokenproxy
9	items	itemtype
10	items	vendor
11	items	location
12	items	item
13	requests	request
14	requests	requesthistory
15	funding	fund
16	funding	fundingreport
17	funding	transaction
18	funding	budgetallocation
19	funding	fundcarryover
\.


--
-- Data for Name: django_migrations; Type: TABLE DATA; Schema: public; Owner: postgres
--

COPY public.django_migrations (id, app, name, applied) FROM stdin;
1	contenttypes	0001_initial	2025-07-22 12:53:39.726884-04
2	auth	0001_initial	2025-07-22 12:53:39.760397-04
3	admin	0001_initial	2025-07-22 12:53:39.760397-04
4	admin	0002_logentry_remove_auto_add	2025-07-22 12:53:39.778209-04
5	admin	0003_logentry_add_action_flag_choices	2025-07-22 12:53:39.781213-04
6	contenttypes	0002_remove_content_type_name	2025-07-22 12:53:39.788667-04
7	auth	0002_alter_permission_name_max_length	2025-07-22 12:53:39.79116-04
8	auth	0003_alter_user_email_max_length	2025-07-22 12:53:39.79116-04
9	auth	0004_alter_user_username_opts	2025-07-22 12:53:39.79116-04
10	auth	0005_alter_user_last_login_null	2025-07-22 12:53:39.79116-04
11	auth	0006_require_contenttypes_0002	2025-07-22 12:53:39.79116-04
12	auth	0007_alter_validators_add_error_messages	2025-07-22 12:53:39.79116-04
13	auth	0008_alter_user_username_max_length	2025-07-22 12:53:39.808665-04
14	auth	0009_alter_user_last_name_max_length	2025-07-22 12:53:39.808665-04
15	auth	0010_alter_group_name_max_length	2025-07-22 12:53:39.808665-04
16	auth	0011_update_proxy_permissions	2025-07-22 12:53:39.819795-04
17	auth	0012_alter_user_first_name_max_length	2025-07-22 12:53:39.82202-04
18	authtoken	0001_initial	2025-07-22 12:53:39.82202-04
19	authtoken	0002_auto_20160226_1747	2025-07-22 12:53:39.837731-04
20	authtoken	0003_tokenproxy	2025-07-22 12:53:39.837731-04
21	authtoken	0004_alter_tokenproxy_options	2025-07-22 12:53:39.837731-04
22	funding	0001_initial	2025-07-22 12:53:39.884589-04
23	items	0001_initial	2025-07-22 12:53:39.915813-04
24	items	0002_item_expiration_alert_days_item_expiration_date_and_more	2025-07-22 12:53:39.962485-04
25	requests	0001_initial	2025-07-22 12:53:39.978502-04
26	requests	0002_requesthistory	2025-07-22 12:53:39.992204-04
27	requests	0003_request_fund_id	2025-07-22 12:53:40.000214-04
28	sessions	0001_initial	2025-07-22 12:53:40.003719-04
29	items	0003_item_fund_id	2025-07-22 13:03:35.377892-04
30	funding	0002_fund_annual_budgets_fund_current_year_and_more	2025-07-22 13:51:29.501601-04
31	funding	0003_fix_annual_budgets_constraint	2025-07-22 17:54:28.684993-04
32	funding	0004_fix_remaining_null_constraints	2025-07-22 17:54:55.662761-04
33	funding	0005_fix_fundingreport_null_constraints	2025-07-22 18:01:11.968018-04
\.


--
-- Data for Name: django_session; Type: TABLE DATA; Schema: public; Owner: postgres
--

COPY public.django_session (session_key, session_data, expire_date) FROM stdin;
\.


--
-- Data for Name: funding_budgetallocation; Type: TABLE DATA; Schema: public; Owner: postgres
--

COPY public.funding_budgetallocation (id, category, allocated_amount, spent_amount, description, created_at, updated_at, fund_id) FROM stdin;
\.


--
-- Data for Name: funding_fund; Type: TABLE DATA; Schema: public; Owner: postgres
--

COPY public.funding_fund (id, name, description, total_budget, spent_amount, funding_source, grant_number, principal_investigator, start_date, end_date, notes, is_archived, created_at, updated_at, created_by_id, annual_budgets, current_year, funding_agency, grant_duration_years) FROM stdin;
21	Test Fund from Frontend	Testing fund creation from frontend simulation	25000.00	0.00	University Research Grant	URG-2025-001	Dr. Test Researcher	2025-01-01	2025-12-31	Test fund for debugging frontend issues	f	2025-07-22 17:43:06.20187-04	2025-07-22 17:43:06.20187-04	2	{}	1	other	1
25	Frontend Test Fund	\N	25000.00	0.00	\N	\N	\N	\N	\N	\N	f	2025-07-22 17:47:01.507513-04	2025-07-22 17:47:01.507513-04	2	{}	1	other	1
26	Frontend Test Fund	\N	25000.00	0.00	\N	\N	\N	\N	\N	\N	f	2025-07-22 17:47:21.980056-04	2025-07-22 17:47:21.980056-04	2	{}	1	other	1
30	Working Test Fund	Testing the complete fix	60000.00	0.00	Test Source Working	WORK-001	Dr. Working Test	2025-01-01	2025-12-31	Working test notes	f	2025-07-22 17:55:04.117337-04	2025-07-22 17:55:04.117337-04	1	{}	1	other	1
31	Frontend-style Test v2		25000.00	0.00				\N	\N		f	2025-07-22 17:55:21.422997-04	2025-07-22 17:55:21.422997-04	1	{}	1	other	1
32	CIHR		3000000.00	0.00		C123456		2025-01-01	2035-02-02		f	2025-07-22 17:56:58.150329-04	2025-07-22 17:56:58.150329-04	1	{}	1	other	1
33	dsadsaas		2000000.00	0.00				2025-01-01	2030-01-01		f	2025-07-22 17:57:43.93647-04	2025-07-22 17:57:43.93647-04	1	{}	1	other	1
34	CIHR Operating Grant - Multi-Year 2023-2028	Canadian Institutes of Health Research 5-year operating grant	750000.00	0.00	Canadian Institutes of Health Research	PJT-178934-5Y	Dr. Sarah Chen	2023-04-01	2028-03-31	Multi-year CIHR operating grant with annual budget variations	f	2025-07-22 17:59:24.155638-04	2025-07-22 17:59:24.155638-04	1	{"2023": 150000, "2024": 155000, "2025": 148000, "2026": 152000, "2027": 145000}	3	cihr	5
1	NIH R01 - 2025		1000000.00	1500.00		R01-A123456		2025-01-01	2030-01-01		f	2025-07-22 12:56:28.683266-04	2025-07-22 12:56:28.683266-04	1	{}	1	other	1
10	Test Fund 2025	Test fund for debugging	100000.00	0.00	Test Source	TEST-2025-001	Dr. Test PI	2025-01-01	2025-12-31	\N	f	2025-07-22 17:35:07.212586-04	2025-07-22 17:35:07.212586-04	2	{}	1	nserc	1
11	API Test Fund	\N	50000.00	0.00	\N	\N	\N	\N	\N	\N	f	2025-07-22 17:35:52.478246-04	2025-07-22 17:35:52.478246-04	2	{}	1	nserc	1
35	NSERC Discovery Grant - Extended 2022-2027	Natural Sciences and Engineering Research Council 5-year discovery grant	300000.00	0.00	Natural Sciences and Engineering Research Council	RGPIN-2022-04567-5Y	Dr. Michael Brown	2022-04-01	2027-03-31	Steady annual funding for basic research	f	2025-07-22 17:59:24.155638-04	2025-07-22 17:59:24.155638-04	1	{"2022": 60000, "2023": 60000, "2024": 60000, "2025": 60000, "2026": 60000}	4	nserc	5
36	SSHRC Partnership Grant 2021-2024	Social Sciences and Humanities Research Council partnership grant	450000.00	0.00	Social Sciences and Humanities Research Council	895-2021-1234-3Y	Dr. Emily Wilson	2021-04-01	2024-03-31	Final year of multi-year partnership grant	f	2025-07-22 17:59:24.155638-04	2025-07-22 17:59:24.155638-04	1	{"2021": 150000, "2022": 160000, "2023": 140000}	3	sshrc	3
37	Industry Partnership 2024-2026	Multi-year industry collaboration grant	200000.00	0.00	TechCorp Industries	IND-2024-001	Dr. Alex Kim	2024-01-01	2026-12-31	Industry-funded research with declining annual budgets	f	2025-07-22 17:59:24.155638-04	2025-07-22 17:59:24.155638-04	1	{"2024": 80000, "2025": 70000, "2026": 50000}	1	other	3
38	CIHR		1000000.00	0.00				2025-01-01	2030-01-01		f	2025-07-22 22:09:56.558387-04	2025-07-22 22:09:56.558387-04	1	{}	1	other	1
39	dsadsaas		2000000.00	0.00				2025-01-01	2030-01-01		f	2025-07-22 22:30:48.191784-04	2025-07-22 22:31:44.254975-04	1	{}	1	other	1
13	CIHR Operating Grant 2025	Canadian Institutes of Health Research Operating Grant	75000.00	41500.00	Canadian Institutes of Health Research	PJT-178934	Dr. Sarah Chen	2025-04-01	2026-03-31	\N	f	2025-07-22 17:36:49.971105-04	2025-07-22 17:36:50.009013-04	2	{}	1	cihr	1
14	NSERC Discovery Grant 2025	Natural Sciences and Engineering Research Council Discovery Grant	45000.00	19700.00	Natural Sciences and Engineering Research Council	RGPIN-2025-04567	Dr. Michael Brown	2025-04-01	2026-03-31	\N	f	2025-07-22 17:36:49.971105-04	2025-07-22 17:36:50.009013-04	2	{}	1	nserc	1
15	SSHRC Insight Grant 2025	Social Sciences and Humanities Research Council Insight Grant	35000.00	8800.00	Social Sciences and Humanities Research Council	435-2025-0987	Dr. Emily Wilson	2025-04-01	2026-03-31	\N	f	2025-07-22 17:36:49.971105-04	2025-07-22 17:36:50.009013-04	2	{}	1	sshrc	1
19	Test Fund from Frontend	Testing fund creation from frontend simulation	25000.00	0.00	University Research Grant	URG-2025-001	Dr. Test Researcher	2025-01-01	2025-12-31	Test fund for debugging frontend issues	f	2025-07-22 17:42:00.409867-04	2025-07-22 17:42:00.409867-04	2	{}	1	other	1
\.


--
-- Data for Name: funding_fundcarryover; Type: TABLE DATA; Schema: public; Owner: postgres
--

COPY public.funding_fundcarryover (id, from_fiscal_year, to_fiscal_year, carryover_amount, original_budget, spent_amount, is_approved, approved_at, is_processed, processed_at, notes, created_at, approved_by_id, created_by_id, fund_id) FROM stdin;
\.


--
-- Data for Name: funding_fundingreport; Type: TABLE DATA; Schema: public; Owner: postgres
--

COPY public.funding_fundingreport (id, title, report_type, start_date, end_date, summary_data, generated_at, generated_by_id, fiscal_year, is_tri_agency_compliant) FROM stdin;
1	Form 300 - Grants in Aid of Research Statement (FY2025)	form300	2025-04-01	2026-03-31	{}	2025-07-22 17:37:07.886569-04	2	2025	t
2	Form 300 - Grants in Aid of Research Statement (FY2025)	form300	2025-04-01	2026-03-31	{"fiscal_year": 2025, "grand_total": 70000.0, "direct_costs": {"other": 1500.0, "travel": 2500.0, "services": 5500.0, "supplies": 13000.0, "equipment": 20000.0, "personnel": 20000.0}, "total_direct": 62500.0, "indirect_costs": {"facilities": 7500.0, "administrative": 0.0}, "total_indirect": 7500.0, "reporting_period": "2025-04-01 to 2026-03-31"}	2025-07-22 17:37:21.735525-04	2	2025	t
\.


--
-- Data for Name: funding_fundingreport_funds; Type: TABLE DATA; Schema: public; Owner: postgres
--

COPY public.funding_fundingreport_funds (id, fundingreport_id, fund_id) FROM stdin;
1	1	10
2	1	11
3	1	13
4	1	14
5	1	15
6	2	10
7	2	11
8	2	13
9	2	14
10	2	15
\.


--
-- Data for Name: funding_transaction; Type: TABLE DATA; Schema: public; Owner: postgres
--

COPY public.funding_transaction (id, amount, transaction_type, item_name, description, request_id, reference_number, transaction_date, created_by_id, fund_id, cost_type, expense_category, fiscal_year, invoice_number, vendor) FROM stdin;
4	100.00	purchase	DMSO	Purchase of DMSO (Request #8)	8	\N	2025-07-22 13:26:27.81056-04	1	1	direct	supplies	\N	\N	\N
5	700.00	purchase	Zymo Midiprep Kit	Purchase of Zymo Midiprep Kit (Request #9)	9	\N	2025-07-22 13:35:14.140286-04	1	1	direct	supplies	\N	\N	\N
6	700.00	purchase	Zymo Midiprep Kit	Purchase of Zymo Midiprep Kit (Request #10)	10	\N	2025-07-22 13:39:27.482601-04	1	1	direct	supplies	\N	\N	\N
7	15000.00	purchase	Laboratory Equipment	Laboratory Equipment for CIHR Operating Grant 2025	\N	\N	2025-07-22 17:36:49.971105-04	2	13	direct	equipment	2025	\N	\N
8	8500.00	purchase	Research Supplies	Research Supplies for CIHR Operating Grant 2025	\N	\N	2025-07-22 17:36:49.986531-04	2	13	direct	supplies	2025	\N	\N
9	2500.00	purchase	Conference Travel	Conference Travel for CIHR Operating Grant 2025	\N	\N	2025-07-22 17:36:49.986531-04	2	13	direct	travel	2025	\N	\N
10	12000.00	purchase	Personnel Support	Personnel Support for CIHR Operating Grant 2025	\N	\N	2025-07-22 17:36:49.986531-04	2	13	direct	personnel	2025	\N	\N
11	3500.00	purchase	Administrative Overhead	Administrative Overhead for CIHR Operating Grant 2025	\N	\N	2025-07-22 17:36:49.986531-04	2	13	indirect	facilities	2025	\N	\N
12	5000.00	purchase	Specialized Software License	Specialized Software License for NSERC Discovery Grant 2025	\N	\N	2025-07-22 17:36:49.986531-04	2	14	direct	equipment	2025	\N	\N
13	4500.00	purchase	Research Materials	Research Materials for NSERC Discovery Grant 2025	\N	\N	2025-07-22 17:36:49.986531-04	2	14	direct	supplies	2025	\N	\N
14	8000.00	purchase	Student Support	Student Support for NSERC Discovery Grant 2025	\N	\N	2025-07-22 17:36:49.986531-04	2	14	direct	personnel	2025	\N	\N
15	2200.00	purchase	Facility Usage	Facility Usage for NSERC Discovery Grant 2025	\N	\N	2025-07-22 17:36:50.000811-04	2	14	indirect	facilities	2025	\N	\N
16	3500.00	purchase	Data Collection Tools	Data Collection Tools for SSHRC Insight Grant 2025	\N	\N	2025-07-22 17:36:50.002034-04	2	15	direct	services	2025	\N	\N
17	2000.00	purchase	Transcription Services	Transcription Services for SSHRC Insight Grant 2025	\N	\N	2025-07-22 17:36:50.004044-04	2	15	direct	services	2025	\N	\N
18	1500.00	purchase	Research Participant Compensation	Research Participant Compensation for SSHRC Insight Grant 2025	\N	\N	2025-07-22 17:36:50.005035-04	2	15	direct	other	2025	\N	\N
19	1800.00	purchase	Administrative Support	Administrative Support for SSHRC Insight Grant 2025	\N	\N	2025-07-22 17:36:50.007946-04	2	15	indirect	facilities	2025	\N	\N
\.


--
-- Data for Name: items_item; Type: TABLE DATA; Schema: public; Owner: postgres
--

COPY public.items_item (id, serial_number, name, catalog_number, quantity, unit, price, url, low_stock_threshold, is_archived, created_at, updated_at, properties, owner_id, item_type_id, location_id, vendor_id, expiration_alert_days, expiration_date, last_used_date, lot_number, received_date, storage_conditions, storage_temperature, fund_id) FROM stdin;
1	ITM-33bfb670	Anti-β-Actin Antibody	A5441	0.50	mL	150.00		10	f	2025-07-22 12:55:38.851604-04	2025-07-22 12:55:38.851604-04	{}	2	1	3	1	30	2025-06-22	\N	LOT123456	2024-06-17	Store in glycerol buffer, avoid freeze-thaw cycles	-20°C	\N
2	ITM-05c26ca7	Taq DNA Polymerase	M0267S	500.00	units	89.00		10	f	2025-07-22 12:55:38.863466-04	2025-07-22 12:55:38.863466-04	{}	2	2	3	3	30	2025-07-07	\N	LOT789012	2024-07-22	Store in 50% glycerol	-20°C	\N
3	ITM-36b0215f	Ampicillin Sodium Salt	A9518	5.00	g	45.50		10	f	2025-07-22 12:55:38.863466-04	2025-07-22 12:55:38.863466-04	{}	2	3	5	1	30	2025-08-11	\N	LOT345678	2024-09-25	Keep dry, protect from light	RT	\N
4	ITM-bc9559de	Restriction Enzyme BamHI	R0136S	2000.00	units	65.00		10	f	2025-07-22 12:55:38.863466-04	2025-07-22 12:55:38.863466-04	{}	2	2	3	3	30	2025-08-16	\N	LOT456789	2025-01-03	Store in NEBuffer 3.1	-20°C	\N
5	ITM-7681be0a	DMEM Media	11965092	12.00	bottles	25.00		10	f	2025-07-22 12:55:38.863466-04	2025-07-22 12:55:38.863466-04	{}	2	5	4	2	30	2026-01-18	\N	LOT567890	2025-06-22	Sterile, single use	4°C	\N
6	ITM-4bd32f67	Forward Primer Set	P1001	100.00	nmol	15.00		10	f	2025-07-22 12:55:38.863466-04	2025-07-22 12:55:38.863466-04	{}	2	6	2	4	30	2026-07-22	\N	LOT678901	2025-07-12	Lyophilized, reconstitute with TE buffer	-80°C	\N
7	ITM-4c43689a	Agarose Powder	1613101	15.00	g	120.00		50	f	2025-07-22 12:55:38.863466-04	2025-07-22 12:55:38.863466-04	{}	2	3	5	5	30	2027-07-22	\N	LOT789012	2025-05-23	Keep in original container, moisture sensitive	RT	\N
8	ITM-d6d4e297	PBS Buffer 10X	P5493	2.00	L	35.00		5	f	2025-07-22 12:55:38.863466-04	2025-07-22 12:55:38.863466-04	{}	2	4	4	2	30	2025-10-20	\N	LOT890123	2025-07-07	Sterile, ready to use	4°C	\N
9	ITM-3e0709ed	pUC19 Plasmid Vector	N3041S	20.00	μg	75.00		10	f	2025-07-22 12:55:38.863466-04	2025-07-22 12:55:38.863466-04	{}	2	7	2	3	30	2026-10-15	\N	LOT901234	2025-07-17	Suspended in TE buffer pH 8.0	-80°C	\N
10	ITM-3664a1f7	Ethanol 200 Proof	E7023	1.00	L	65.00		10	f	2025-07-22 12:55:38.863466-04	2025-07-22 12:55:38.863466-04	{}	2	3	7	1	30	\N	\N	LOT012345	2025-04-23	Flammable liquid, keep away from heat sources	RT	\N
11	ITM-907ce7f7	DMSO	C13456	1.00	L	100.00		\N	f	2025-07-22 12:57:26.651655-04	2025-07-22 12:57:26.651655-04	{}	1	1	7	5	30	\N	\N		\N			\N
12	ITM-dd6aa328	DMSO	C13456	1.00	L	100.00		\N	f	2025-07-22 13:13:37.561538-04	2025-07-22 13:13:37.561538-04	{}	1	1	7	5	30	\N	\N		\N			1
13	ITM-05ef9172	DMSO	C13456	1.00	L	100.00		\N	f	2025-07-22 13:19:55.196629-04	2025-07-22 13:19:55.196629-04	{}	1	1	1	5	30	\N	\N		\N			1
14	ITM-f79cb66b	DMSO	C13456	1.00	L	100.00		\N	f	2025-07-22 13:26:31.940961-04	2025-07-22 13:26:31.940961-04	{}	1	1	2	5	30	\N	\N		\N			1
15	ITM-09f83634	Zymo Midiprep Kit	C13456	2.00	box	350.00		\N	f	2025-07-22 13:35:26.322099-04	2025-07-22 13:35:26.322099-04	{}	1	1	5	7	30	\N	\N		\N			1
\.


--
-- Data for Name: items_itemtype; Type: TABLE DATA; Schema: public; Owner: postgres
--

COPY public.items_itemtype (id, name, custom_fields_schema) FROM stdin;
1	Antibody	{"Isotype": "text", "Clonality": "text", "Host Species": "text"}
2	Enzyme	{"Buffer": "text", "Activity": "text", "Temperature": "text"}
3	Chemical	{"MW": "text", "Purity": "text", "Formula": "text"}
4	Buffer	{"pH": "text", "Concentration": "text"}
5	Media	{"Type": "text", "Supplements": "text"}
6	Primer	{"Tm": "text", "Length": "text", "Sequence": "text"}
7	Plasmid	{"Size": "text", "Backbone": "text", "Resistance": "text"}
\.


--
-- Data for Name: items_location; Type: TABLE DATA; Schema: public; Owner: postgres
--

COPY public.items_location (id, name, description, parent_id) FROM stdin;
1	-80°C Freezer A	Ultra-low temperature freezer for long-term storage	\N
2	-80°C Freezer B	Backup ultra-low temperature freezer	\N
3	-20°C Freezer	Standard freezer for enzymes and reagents	\N
4	4°C Refrigerator	Cold room refrigerator	\N
5	Room Temperature Cabinet	Ambient temperature storage	\N
6	Chemical Storage Cabinet	Ventilated cabinet for chemicals	\N
7	Flammable Storage	Fire-safe cabinet for flammable reagents	\N
\.


--
-- Data for Name: items_vendor; Type: TABLE DATA; Schema: public; Owner: postgres
--

COPY public.items_vendor (id, name, website, created_at) FROM stdin;
1	Sigma-Aldrich	https://www.sigmaaldrich.com	2025-07-22 12:55:38.840523-04
2	Thermo Fisher Scientific	https://www.thermofisher.com	2025-07-22 12:55:38.840523-04
3	New England Biolabs	https://www.neb.com	2025-07-22 12:55:38.840523-04
4	Invitrogen	https://www.invitrogen.com	2025-07-22 12:55:38.840523-04
5	Bio-Rad	https://www.bio-rad.com	2025-07-22 12:55:38.840523-04
6	Test Vendor	http://testvendor.com	2025-07-22 13:23:57.41298-04
7	API Test Vendor	http://apitest.com	2025-07-22 13:24:20.749125-04
\.


--
-- Data for Name: requests_request; Type: TABLE DATA; Schema: public; Owner: postgres
--

COPY public.requests_request (id, item_name, status, catalog_number, url, quantity, unit_size, unit_price, notes, created_at, updated_at, requested_by_id, vendor_id, fund_id) FROM stdin;
1	DMSO	RECEIVED	C13456		1	L	100.00		2025-07-22 12:57:13.947777-04	2025-07-22 12:57:26.651655-04	1	5	1
2	DMSO	RECEIVED	C13456		1	L	100.00		2025-07-22 13:13:24.748242-04	2025-07-22 13:13:37.569967-04	1	5	1
3	DMSO	RECEIVED	C13456		1	L	100.00		2025-07-22 13:19:37.946003-04	2025-07-22 13:19:55.209421-04	1	5	1
8	DMSO	RECEIVED	C13456		1	L	100.00		2025-07-22 13:26:21.452406-04	2025-07-22 13:26:31.961659-04	1	5	1
9	Zymo Midiprep Kit	RECEIVED	C13456		2	box	350.00		2025-07-22 13:35:10.589756-04	2025-07-22 13:35:26.337666-04	1	7	1
10	Zymo Midiprep Kit	ORDERED	C13456		2	box	350.00		2025-07-22 13:39:15.710069-04	2025-07-22 13:39:27.4796-04	1	7	1
11	DMSO	APPROVED			1		100.00		2025-07-22 22:21:04.311496-04	2025-07-22 22:21:11.283233-04	1	7	\N
\.


--
-- Data for Name: requests_requesthistory; Type: TABLE DATA; Schema: public; Owner: postgres
--

COPY public.requests_requesthistory (id, old_status, new_status, "timestamp", notes, request_id, user_id) FROM stdin;
1	NEW	APPROVED	2025-07-22 12:57:16.00669-04		1	1
2	NEW	APPROVED	2025-07-22 12:57:16.008195-04	\N	1	1
3	APPROVED	ORDERED	2025-07-22 12:57:21.135843-04		1	1
4	APPROVED	ORDERED	2025-07-22 12:57:21.159917-04	\N	1	1
5	ORDERED	RECEIVED	2025-07-22 12:57:26.651655-04	\N	1	1
6	NEW	APPROVED	2025-07-22 13:13:26.80666-04		2	1
7	NEW	APPROVED	2025-07-22 13:13:26.808658-04	\N	2	1
8	APPROVED	ORDERED	2025-07-22 13:13:32.897627-04		2	1
9	APPROVED	ORDERED	2025-07-22 13:13:32.89963-04	\N	2	1
10	ORDERED	RECEIVED	2025-07-22 13:13:37.569967-04	\N	2	1
11	NEW	APPROVED	2025-07-22 13:19:39.919864-04		3	1
12	NEW	APPROVED	2025-07-22 13:19:39.921867-04	\N	3	1
13	APPROVED	ORDERED	2025-07-22 13:19:50.673024-04		3	1
14	APPROVED	ORDERED	2025-07-22 13:19:50.673713-04	\N	3	1
15	ORDERED	RECEIVED	2025-07-22 13:19:55.209421-04	\N	3	1
20	NEW	APPROVED	2025-07-22 13:26:24.023067-04		8	1
21	NEW	APPROVED	2025-07-22 13:26:24.026051-04	\N	8	1
22	APPROVED	ORDERED	2025-07-22 13:26:27.798989-04		8	1
23	APPROVED	ORDERED	2025-07-22 13:26:27.81056-04	\N	8	1
24	ORDERED	RECEIVED	2025-07-22 13:26:31.961659-04	\N	8	1
25	NEW	APPROVED	2025-07-22 13:35:14.121404-04		9	1
26	NEW	APPROVED	2025-07-22 13:35:14.135286-04	\N	9	1
27	APPROVED	ORDERED	2025-07-22 13:35:18.340125-04		9	1
28	APPROVED	ORDERED	2025-07-22 13:35:18.358013-04	\N	9	1
29	ORDERED	RECEIVED	2025-07-22 13:35:26.337666-04	\N	9	1
30	NEW	APPROVED	2025-07-22 13:39:17.706009-04		10	1
31	NEW	APPROVED	2025-07-22 13:39:17.719408-04	\N	10	1
32	APPROVED	ORDERED	2025-07-22 13:39:27.465572-04		10	1
33	APPROVED	ORDERED	2025-07-22 13:39:27.4796-04	\N	10	1
34	NEW	APPROVED	2025-07-22 22:21:11.280216-04		11	1
35	NEW	APPROVED	2025-07-22 22:21:11.283233-04	\N	11	1
\.


--
-- Name: auth_group_id_seq; Type: SEQUENCE SET; Schema: public; Owner: postgres
--

SELECT pg_catalog.setval('public.auth_group_id_seq', 1, false);


--
-- Name: auth_group_permissions_id_seq; Type: SEQUENCE SET; Schema: public; Owner: postgres
--

SELECT pg_catalog.setval('public.auth_group_permissions_id_seq', 1, false);


--
-- Name: auth_permission_id_seq; Type: SEQUENCE SET; Schema: public; Owner: postgres
--

SELECT pg_catalog.setval('public.auth_permission_id_seq', 76, true);


--
-- Name: auth_user_groups_id_seq; Type: SEQUENCE SET; Schema: public; Owner: postgres
--

SELECT pg_catalog.setval('public.auth_user_groups_id_seq', 1, false);


--
-- Name: auth_user_id_seq; Type: SEQUENCE SET; Schema: public; Owner: postgres
--

SELECT pg_catalog.setval('public.auth_user_id_seq', 3, true);


--
-- Name: auth_user_user_permissions_id_seq; Type: SEQUENCE SET; Schema: public; Owner: postgres
--

SELECT pg_catalog.setval('public.auth_user_user_permissions_id_seq', 1, false);


--
-- Name: django_admin_log_id_seq; Type: SEQUENCE SET; Schema: public; Owner: postgres
--

SELECT pg_catalog.setval('public.django_admin_log_id_seq', 1, false);


--
-- Name: django_content_type_id_seq; Type: SEQUENCE SET; Schema: public; Owner: postgres
--

SELECT pg_catalog.setval('public.django_content_type_id_seq', 19, true);


--
-- Name: django_migrations_id_seq; Type: SEQUENCE SET; Schema: public; Owner: postgres
--

SELECT pg_catalog.setval('public.django_migrations_id_seq', 33, true);


--
-- Name: funding_budgetallocation_id_seq; Type: SEQUENCE SET; Schema: public; Owner: postgres
--

SELECT pg_catalog.setval('public.funding_budgetallocation_id_seq', 1, false);


--
-- Name: funding_fund_id_seq; Type: SEQUENCE SET; Schema: public; Owner: postgres
--

SELECT pg_catalog.setval('public.funding_fund_id_seq', 39, true);


--
-- Name: funding_fundcarryover_id_seq; Type: SEQUENCE SET; Schema: public; Owner: postgres
--

SELECT pg_catalog.setval('public.funding_fundcarryover_id_seq', 1, false);


--
-- Name: funding_fundingreport_funds_id_seq; Type: SEQUENCE SET; Schema: public; Owner: postgres
--

SELECT pg_catalog.setval('public.funding_fundingreport_funds_id_seq', 10, true);


--
-- Name: funding_fundingreport_id_seq; Type: SEQUENCE SET; Schema: public; Owner: postgres
--

SELECT pg_catalog.setval('public.funding_fundingreport_id_seq', 3, true);


--
-- Name: funding_transaction_id_seq; Type: SEQUENCE SET; Schema: public; Owner: postgres
--

SELECT pg_catalog.setval('public.funding_transaction_id_seq', 19, true);


--
-- Name: items_item_id_seq; Type: SEQUENCE SET; Schema: public; Owner: postgres
--

SELECT pg_catalog.setval('public.items_item_id_seq', 15, true);


--
-- Name: items_itemtype_id_seq; Type: SEQUENCE SET; Schema: public; Owner: postgres
--

SELECT pg_catalog.setval('public.items_itemtype_id_seq', 7, true);


--
-- Name: items_location_id_seq; Type: SEQUENCE SET; Schema: public; Owner: postgres
--

SELECT pg_catalog.setval('public.items_location_id_seq', 7, true);


--
-- Name: items_vendor_id_seq; Type: SEQUENCE SET; Schema: public; Owner: postgres
--

SELECT pg_catalog.setval('public.items_vendor_id_seq', 7, true);


--
-- Name: requests_request_id_seq; Type: SEQUENCE SET; Schema: public; Owner: postgres
--

SELECT pg_catalog.setval('public.requests_request_id_seq', 11, true);


--
-- Name: requests_requesthistory_id_seq; Type: SEQUENCE SET; Schema: public; Owner: postgres
--

SELECT pg_catalog.setval('public.requests_requesthistory_id_seq', 35, true);


--
-- Name: auth_group auth_group_name_key; Type: CONSTRAINT; Schema: public; Owner: postgres
--

ALTER TABLE ONLY public.auth_group
    ADD CONSTRAINT auth_group_name_key UNIQUE (name);


--
-- Name: auth_group_permissions auth_group_permissions_group_id_permission_id_0cd325b0_uniq; Type: CONSTRAINT; Schema: public; Owner: postgres
--

ALTER TABLE ONLY public.auth_group_permissions
    ADD CONSTRAINT auth_group_permissions_group_id_permission_id_0cd325b0_uniq UNIQUE (group_id, permission_id);


--
-- Name: auth_group_permissions auth_group_permissions_pkey; Type: CONSTRAINT; Schema: public; Owner: postgres
--

ALTER TABLE ONLY public.auth_group_permissions
    ADD CONSTRAINT auth_group_permissions_pkey PRIMARY KEY (id);


--
-- Name: auth_group auth_group_pkey; Type: CONSTRAINT; Schema: public; Owner: postgres
--

ALTER TABLE ONLY public.auth_group
    ADD CONSTRAINT auth_group_pkey PRIMARY KEY (id);


--
-- Name: auth_permission auth_permission_content_type_id_codename_01ab375a_uniq; Type: CONSTRAINT; Schema: public; Owner: postgres
--

ALTER TABLE ONLY public.auth_permission
    ADD CONSTRAINT auth_permission_content_type_id_codename_01ab375a_uniq UNIQUE (content_type_id, codename);


--
-- Name: auth_permission auth_permission_pkey; Type: CONSTRAINT; Schema: public; Owner: postgres
--

ALTER TABLE ONLY public.auth_permission
    ADD CONSTRAINT auth_permission_pkey PRIMARY KEY (id);


--
-- Name: auth_user_groups auth_user_groups_pkey; Type: CONSTRAINT; Schema: public; Owner: postgres
--

ALTER TABLE ONLY public.auth_user_groups
    ADD CONSTRAINT auth_user_groups_pkey PRIMARY KEY (id);


--
-- Name: auth_user_groups auth_user_groups_user_id_group_id_94350c0c_uniq; Type: CONSTRAINT; Schema: public; Owner: postgres
--

ALTER TABLE ONLY public.auth_user_groups
    ADD CONSTRAINT auth_user_groups_user_id_group_id_94350c0c_uniq UNIQUE (user_id, group_id);


--
-- Name: auth_user auth_user_pkey; Type: CONSTRAINT; Schema: public; Owner: postgres
--

ALTER TABLE ONLY public.auth_user
    ADD CONSTRAINT auth_user_pkey PRIMARY KEY (id);


--
-- Name: auth_user_user_permissions auth_user_user_permissions_pkey; Type: CONSTRAINT; Schema: public; Owner: postgres
--

ALTER TABLE ONLY public.auth_user_user_permissions
    ADD CONSTRAINT auth_user_user_permissions_pkey PRIMARY KEY (id);


--
-- Name: auth_user_user_permissions auth_user_user_permissions_user_id_permission_id_14a6b632_uniq; Type: CONSTRAINT; Schema: public; Owner: postgres
--

ALTER TABLE ONLY public.auth_user_user_permissions
    ADD CONSTRAINT auth_user_user_permissions_user_id_permission_id_14a6b632_uniq UNIQUE (user_id, permission_id);


--
-- Name: auth_user auth_user_username_key; Type: CONSTRAINT; Schema: public; Owner: postgres
--

ALTER TABLE ONLY public.auth_user
    ADD CONSTRAINT auth_user_username_key UNIQUE (username);


--
-- Name: authtoken_token authtoken_token_pkey; Type: CONSTRAINT; Schema: public; Owner: postgres
--

ALTER TABLE ONLY public.authtoken_token
    ADD CONSTRAINT authtoken_token_pkey PRIMARY KEY (key);


--
-- Name: authtoken_token authtoken_token_user_id_key; Type: CONSTRAINT; Schema: public; Owner: postgres
--

ALTER TABLE ONLY public.authtoken_token
    ADD CONSTRAINT authtoken_token_user_id_key UNIQUE (user_id);


--
-- Name: django_admin_log django_admin_log_pkey; Type: CONSTRAINT; Schema: public; Owner: postgres
--

ALTER TABLE ONLY public.django_admin_log
    ADD CONSTRAINT django_admin_log_pkey PRIMARY KEY (id);


--
-- Name: django_content_type django_content_type_app_label_model_76bd3d3b_uniq; Type: CONSTRAINT; Schema: public; Owner: postgres
--

ALTER TABLE ONLY public.django_content_type
    ADD CONSTRAINT django_content_type_app_label_model_76bd3d3b_uniq UNIQUE (app_label, model);


--
-- Name: django_content_type django_content_type_pkey; Type: CONSTRAINT; Schema: public; Owner: postgres
--

ALTER TABLE ONLY public.django_content_type
    ADD CONSTRAINT django_content_type_pkey PRIMARY KEY (id);


--
-- Name: django_migrations django_migrations_pkey; Type: CONSTRAINT; Schema: public; Owner: postgres
--

ALTER TABLE ONLY public.django_migrations
    ADD CONSTRAINT django_migrations_pkey PRIMARY KEY (id);


--
-- Name: django_session django_session_pkey; Type: CONSTRAINT; Schema: public; Owner: postgres
--

ALTER TABLE ONLY public.django_session
    ADD CONSTRAINT django_session_pkey PRIMARY KEY (session_key);


--
-- Name: funding_budgetallocation funding_budgetallocation_fund_id_category_f6093319_uniq; Type: CONSTRAINT; Schema: public; Owner: postgres
--

ALTER TABLE ONLY public.funding_budgetallocation
    ADD CONSTRAINT funding_budgetallocation_fund_id_category_f6093319_uniq UNIQUE (fund_id, category);


--
-- Name: funding_budgetallocation funding_budgetallocation_pkey; Type: CONSTRAINT; Schema: public; Owner: postgres
--

ALTER TABLE ONLY public.funding_budgetallocation
    ADD CONSTRAINT funding_budgetallocation_pkey PRIMARY KEY (id);


--
-- Name: funding_fund funding_fund_pkey; Type: CONSTRAINT; Schema: public; Owner: postgres
--

ALTER TABLE ONLY public.funding_fund
    ADD CONSTRAINT funding_fund_pkey PRIMARY KEY (id);


--
-- Name: funding_fundcarryover funding_fundcarryover_fund_id_from_fiscal_year_8caa634d_uniq; Type: CONSTRAINT; Schema: public; Owner: postgres
--

ALTER TABLE ONLY public.funding_fundcarryover
    ADD CONSTRAINT funding_fundcarryover_fund_id_from_fiscal_year_8caa634d_uniq UNIQUE (fund_id, from_fiscal_year, to_fiscal_year);


--
-- Name: funding_fundcarryover funding_fundcarryover_pkey; Type: CONSTRAINT; Schema: public; Owner: postgres
--

ALTER TABLE ONLY public.funding_fundcarryover
    ADD CONSTRAINT funding_fundcarryover_pkey PRIMARY KEY (id);


--
-- Name: funding_fundingreport_funds funding_fundingreport_fu_fundingreport_id_fund_id_442d9a2d_uniq; Type: CONSTRAINT; Schema: public; Owner: postgres
--

ALTER TABLE ONLY public.funding_fundingreport_funds
    ADD CONSTRAINT funding_fundingreport_fu_fundingreport_id_fund_id_442d9a2d_uniq UNIQUE (fundingreport_id, fund_id);


--
-- Name: funding_fundingreport_funds funding_fundingreport_funds_pkey; Type: CONSTRAINT; Schema: public; Owner: postgres
--

ALTER TABLE ONLY public.funding_fundingreport_funds
    ADD CONSTRAINT funding_fundingreport_funds_pkey PRIMARY KEY (id);


--
-- Name: funding_fundingreport funding_fundingreport_pkey; Type: CONSTRAINT; Schema: public; Owner: postgres
--

ALTER TABLE ONLY public.funding_fundingreport
    ADD CONSTRAINT funding_fundingreport_pkey PRIMARY KEY (id);


--
-- Name: funding_transaction funding_transaction_pkey; Type: CONSTRAINT; Schema: public; Owner: postgres
--

ALTER TABLE ONLY public.funding_transaction
    ADD CONSTRAINT funding_transaction_pkey PRIMARY KEY (id);


--
-- Name: items_item items_item_pkey; Type: CONSTRAINT; Schema: public; Owner: postgres
--

ALTER TABLE ONLY public.items_item
    ADD CONSTRAINT items_item_pkey PRIMARY KEY (id);


--
-- Name: items_item items_item_serial_number_key; Type: CONSTRAINT; Schema: public; Owner: postgres
--

ALTER TABLE ONLY public.items_item
    ADD CONSTRAINT items_item_serial_number_key UNIQUE (serial_number);


--
-- Name: items_itemtype items_itemtype_name_key; Type: CONSTRAINT; Schema: public; Owner: postgres
--

ALTER TABLE ONLY public.items_itemtype
    ADD CONSTRAINT items_itemtype_name_key UNIQUE (name);


--
-- Name: items_itemtype items_itemtype_pkey; Type: CONSTRAINT; Schema: public; Owner: postgres
--

ALTER TABLE ONLY public.items_itemtype
    ADD CONSTRAINT items_itemtype_pkey PRIMARY KEY (id);


--
-- Name: items_location items_location_pkey; Type: CONSTRAINT; Schema: public; Owner: postgres
--

ALTER TABLE ONLY public.items_location
    ADD CONSTRAINT items_location_pkey PRIMARY KEY (id);


--
-- Name: items_vendor items_vendor_name_key; Type: CONSTRAINT; Schema: public; Owner: postgres
--

ALTER TABLE ONLY public.items_vendor
    ADD CONSTRAINT items_vendor_name_key UNIQUE (name);


--
-- Name: items_vendor items_vendor_pkey; Type: CONSTRAINT; Schema: public; Owner: postgres
--

ALTER TABLE ONLY public.items_vendor
    ADD CONSTRAINT items_vendor_pkey PRIMARY KEY (id);


--
-- Name: requests_request requests_request_pkey; Type: CONSTRAINT; Schema: public; Owner: postgres
--

ALTER TABLE ONLY public.requests_request
    ADD CONSTRAINT requests_request_pkey PRIMARY KEY (id);


--
-- Name: requests_requesthistory requests_requesthistory_pkey; Type: CONSTRAINT; Schema: public; Owner: postgres
--

ALTER TABLE ONLY public.requests_requesthistory
    ADD CONSTRAINT requests_requesthistory_pkey PRIMARY KEY (id);


--
-- Name: auth_group_name_a6ea08ec_like; Type: INDEX; Schema: public; Owner: postgres
--

CREATE INDEX auth_group_name_a6ea08ec_like ON public.auth_group USING btree (name varchar_pattern_ops);


--
-- Name: auth_group_permissions_group_id_b120cbf9; Type: INDEX; Schema: public; Owner: postgres
--

CREATE INDEX auth_group_permissions_group_id_b120cbf9 ON public.auth_group_permissions USING btree (group_id);


--
-- Name: auth_group_permissions_permission_id_84c5c92e; Type: INDEX; Schema: public; Owner: postgres
--

CREATE INDEX auth_group_permissions_permission_id_84c5c92e ON public.auth_group_permissions USING btree (permission_id);


--
-- Name: auth_permission_content_type_id_2f476e4b; Type: INDEX; Schema: public; Owner: postgres
--

CREATE INDEX auth_permission_content_type_id_2f476e4b ON public.auth_permission USING btree (content_type_id);


--
-- Name: auth_user_groups_group_id_97559544; Type: INDEX; Schema: public; Owner: postgres
--

CREATE INDEX auth_user_groups_group_id_97559544 ON public.auth_user_groups USING btree (group_id);


--
-- Name: auth_user_groups_user_id_6a12ed8b; Type: INDEX; Schema: public; Owner: postgres
--

CREATE INDEX auth_user_groups_user_id_6a12ed8b ON public.auth_user_groups USING btree (user_id);


--
-- Name: auth_user_user_permissions_permission_id_1fbb5f2c; Type: INDEX; Schema: public; Owner: postgres
--

CREATE INDEX auth_user_user_permissions_permission_id_1fbb5f2c ON public.auth_user_user_permissions USING btree (permission_id);


--
-- Name: auth_user_user_permissions_user_id_a95ead1b; Type: INDEX; Schema: public; Owner: postgres
--

CREATE INDEX auth_user_user_permissions_user_id_a95ead1b ON public.auth_user_user_permissions USING btree (user_id);


--
-- Name: auth_user_username_6821ab7c_like; Type: INDEX; Schema: public; Owner: postgres
--

CREATE INDEX auth_user_username_6821ab7c_like ON public.auth_user USING btree (username varchar_pattern_ops);


--
-- Name: authtoken_token_key_10f0b77e_like; Type: INDEX; Schema: public; Owner: postgres
--

CREATE INDEX authtoken_token_key_10f0b77e_like ON public.authtoken_token USING btree (key varchar_pattern_ops);


--
-- Name: django_admin_log_content_type_id_c4bce8eb; Type: INDEX; Schema: public; Owner: postgres
--

CREATE INDEX django_admin_log_content_type_id_c4bce8eb ON public.django_admin_log USING btree (content_type_id);


--
-- Name: django_admin_log_user_id_c564eba6; Type: INDEX; Schema: public; Owner: postgres
--

CREATE INDEX django_admin_log_user_id_c564eba6 ON public.django_admin_log USING btree (user_id);


--
-- Name: django_session_expire_date_a5c62663; Type: INDEX; Schema: public; Owner: postgres
--

CREATE INDEX django_session_expire_date_a5c62663 ON public.django_session USING btree (expire_date);


--
-- Name: django_session_session_key_c0390e0f_like; Type: INDEX; Schema: public; Owner: postgres
--

CREATE INDEX django_session_session_key_c0390e0f_like ON public.django_session USING btree (session_key varchar_pattern_ops);


--
-- Name: funding_budgetallocation_fund_id_6b8fc67b; Type: INDEX; Schema: public; Owner: postgres
--

CREATE INDEX funding_budgetallocation_fund_id_6b8fc67b ON public.funding_budgetallocation USING btree (fund_id);


--
-- Name: funding_fund_created_by_id_5a0cbaef; Type: INDEX; Schema: public; Owner: postgres
--

CREATE INDEX funding_fund_created_by_id_5a0cbaef ON public.funding_fund USING btree (created_by_id);


--
-- Name: funding_fundcarryover_approved_by_id_e76873db; Type: INDEX; Schema: public; Owner: postgres
--

CREATE INDEX funding_fundcarryover_approved_by_id_e76873db ON public.funding_fundcarryover USING btree (approved_by_id);


--
-- Name: funding_fundcarryover_created_by_id_5c3fc189; Type: INDEX; Schema: public; Owner: postgres
--

CREATE INDEX funding_fundcarryover_created_by_id_5c3fc189 ON public.funding_fundcarryover USING btree (created_by_id);


--
-- Name: funding_fundcarryover_fund_id_712929bf; Type: INDEX; Schema: public; Owner: postgres
--

CREATE INDEX funding_fundcarryover_fund_id_712929bf ON public.funding_fundcarryover USING btree (fund_id);


--
-- Name: funding_fundingreport_funds_fund_id_6da488fe; Type: INDEX; Schema: public; Owner: postgres
--

CREATE INDEX funding_fundingreport_funds_fund_id_6da488fe ON public.funding_fundingreport_funds USING btree (fund_id);


--
-- Name: funding_fundingreport_funds_fundingreport_id_2c30ad04; Type: INDEX; Schema: public; Owner: postgres
--

CREATE INDEX funding_fundingreport_funds_fundingreport_id_2c30ad04 ON public.funding_fundingreport_funds USING btree (fundingreport_id);


--
-- Name: funding_fundingreport_generated_by_id_535dac04; Type: INDEX; Schema: public; Owner: postgres
--

CREATE INDEX funding_fundingreport_generated_by_id_535dac04 ON public.funding_fundingreport USING btree (generated_by_id);


--
-- Name: funding_transaction_created_by_id_daf2a905; Type: INDEX; Schema: public; Owner: postgres
--

CREATE INDEX funding_transaction_created_by_id_daf2a905 ON public.funding_transaction USING btree (created_by_id);


--
-- Name: funding_transaction_fund_id_bdf222fd; Type: INDEX; Schema: public; Owner: postgres
--

CREATE INDEX funding_transaction_fund_id_bdf222fd ON public.funding_transaction USING btree (fund_id);


--
-- Name: items_item_item_type_id_eff36d4b; Type: INDEX; Schema: public; Owner: postgres
--

CREATE INDEX items_item_item_type_id_eff36d4b ON public.items_item USING btree (item_type_id);


--
-- Name: items_item_location_id_601afffa; Type: INDEX; Schema: public; Owner: postgres
--

CREATE INDEX items_item_location_id_601afffa ON public.items_item USING btree (location_id);


--
-- Name: items_item_owner_id_c5de0655; Type: INDEX; Schema: public; Owner: postgres
--

CREATE INDEX items_item_owner_id_c5de0655 ON public.items_item USING btree (owner_id);


--
-- Name: items_item_serial_number_298a166e_like; Type: INDEX; Schema: public; Owner: postgres
--

CREATE INDEX items_item_serial_number_298a166e_like ON public.items_item USING btree (serial_number varchar_pattern_ops);


--
-- Name: items_item_vendor_id_de9bc832; Type: INDEX; Schema: public; Owner: postgres
--

CREATE INDEX items_item_vendor_id_de9bc832 ON public.items_item USING btree (vendor_id);


--
-- Name: items_itemtype_name_406fbc95_like; Type: INDEX; Schema: public; Owner: postgres
--

CREATE INDEX items_itemtype_name_406fbc95_like ON public.items_itemtype USING btree (name varchar_pattern_ops);


--
-- Name: items_location_parent_id_95142a92; Type: INDEX; Schema: public; Owner: postgres
--

CREATE INDEX items_location_parent_id_95142a92 ON public.items_location USING btree (parent_id);


--
-- Name: items_vendor_name_7bb7e95c_like; Type: INDEX; Schema: public; Owner: postgres
--

CREATE INDEX items_vendor_name_7bb7e95c_like ON public.items_vendor USING btree (name varchar_pattern_ops);


--
-- Name: requests_request_requested_by_id_28f09574; Type: INDEX; Schema: public; Owner: postgres
--

CREATE INDEX requests_request_requested_by_id_28f09574 ON public.requests_request USING btree (requested_by_id);


--
-- Name: requests_request_vendor_id_c0ae4bfe; Type: INDEX; Schema: public; Owner: postgres
--

CREATE INDEX requests_request_vendor_id_c0ae4bfe ON public.requests_request USING btree (vendor_id);


--
-- Name: requests_requesthistory_request_id_086d7b6d; Type: INDEX; Schema: public; Owner: postgres
--

CREATE INDEX requests_requesthistory_request_id_086d7b6d ON public.requests_requesthistory USING btree (request_id);


--
-- Name: requests_requesthistory_user_id_170b2abb; Type: INDEX; Schema: public; Owner: postgres
--

CREATE INDEX requests_requesthistory_user_id_170b2abb ON public.requests_requesthistory USING btree (user_id);


--
-- Name: auth_group_permissions auth_group_permissio_permission_id_84c5c92e_fk_auth_perm; Type: FK CONSTRAINT; Schema: public; Owner: postgres
--

ALTER TABLE ONLY public.auth_group_permissions
    ADD CONSTRAINT auth_group_permissio_permission_id_84c5c92e_fk_auth_perm FOREIGN KEY (permission_id) REFERENCES public.auth_permission(id) DEFERRABLE INITIALLY DEFERRED;


--
-- Name: auth_group_permissions auth_group_permissions_group_id_b120cbf9_fk_auth_group_id; Type: FK CONSTRAINT; Schema: public; Owner: postgres
--

ALTER TABLE ONLY public.auth_group_permissions
    ADD CONSTRAINT auth_group_permissions_group_id_b120cbf9_fk_auth_group_id FOREIGN KEY (group_id) REFERENCES public.auth_group(id) DEFERRABLE INITIALLY DEFERRED;


--
-- Name: auth_permission auth_permission_content_type_id_2f476e4b_fk_django_co; Type: FK CONSTRAINT; Schema: public; Owner: postgres
--

ALTER TABLE ONLY public.auth_permission
    ADD CONSTRAINT auth_permission_content_type_id_2f476e4b_fk_django_co FOREIGN KEY (content_type_id) REFERENCES public.django_content_type(id) DEFERRABLE INITIALLY DEFERRED;


--
-- Name: auth_user_groups auth_user_groups_group_id_97559544_fk_auth_group_id; Type: FK CONSTRAINT; Schema: public; Owner: postgres
--

ALTER TABLE ONLY public.auth_user_groups
    ADD CONSTRAINT auth_user_groups_group_id_97559544_fk_auth_group_id FOREIGN KEY (group_id) REFERENCES public.auth_group(id) DEFERRABLE INITIALLY DEFERRED;


--
-- Name: auth_user_groups auth_user_groups_user_id_6a12ed8b_fk_auth_user_id; Type: FK CONSTRAINT; Schema: public; Owner: postgres
--

ALTER TABLE ONLY public.auth_user_groups
    ADD CONSTRAINT auth_user_groups_user_id_6a12ed8b_fk_auth_user_id FOREIGN KEY (user_id) REFERENCES public.auth_user(id) DEFERRABLE INITIALLY DEFERRED;


--
-- Name: auth_user_user_permissions auth_user_user_permi_permission_id_1fbb5f2c_fk_auth_perm; Type: FK CONSTRAINT; Schema: public; Owner: postgres
--

ALTER TABLE ONLY public.auth_user_user_permissions
    ADD CONSTRAINT auth_user_user_permi_permission_id_1fbb5f2c_fk_auth_perm FOREIGN KEY (permission_id) REFERENCES public.auth_permission(id) DEFERRABLE INITIALLY DEFERRED;


--
-- Name: auth_user_user_permissions auth_user_user_permissions_user_id_a95ead1b_fk_auth_user_id; Type: FK CONSTRAINT; Schema: public; Owner: postgres
--

ALTER TABLE ONLY public.auth_user_user_permissions
    ADD CONSTRAINT auth_user_user_permissions_user_id_a95ead1b_fk_auth_user_id FOREIGN KEY (user_id) REFERENCES public.auth_user(id) DEFERRABLE INITIALLY DEFERRED;


--
-- Name: authtoken_token authtoken_token_user_id_35299eff_fk_auth_user_id; Type: FK CONSTRAINT; Schema: public; Owner: postgres
--

ALTER TABLE ONLY public.authtoken_token
    ADD CONSTRAINT authtoken_token_user_id_35299eff_fk_auth_user_id FOREIGN KEY (user_id) REFERENCES public.auth_user(id) DEFERRABLE INITIALLY DEFERRED;


--
-- Name: django_admin_log django_admin_log_content_type_id_c4bce8eb_fk_django_co; Type: FK CONSTRAINT; Schema: public; Owner: postgres
--

ALTER TABLE ONLY public.django_admin_log
    ADD CONSTRAINT django_admin_log_content_type_id_c4bce8eb_fk_django_co FOREIGN KEY (content_type_id) REFERENCES public.django_content_type(id) DEFERRABLE INITIALLY DEFERRED;


--
-- Name: django_admin_log django_admin_log_user_id_c564eba6_fk_auth_user_id; Type: FK CONSTRAINT; Schema: public; Owner: postgres
--

ALTER TABLE ONLY public.django_admin_log
    ADD CONSTRAINT django_admin_log_user_id_c564eba6_fk_auth_user_id FOREIGN KEY (user_id) REFERENCES public.auth_user(id) DEFERRABLE INITIALLY DEFERRED;


--
-- Name: funding_budgetallocation funding_budgetallocation_fund_id_6b8fc67b_fk_funding_fund_id; Type: FK CONSTRAINT; Schema: public; Owner: postgres
--

ALTER TABLE ONLY public.funding_budgetallocation
    ADD CONSTRAINT funding_budgetallocation_fund_id_6b8fc67b_fk_funding_fund_id FOREIGN KEY (fund_id) REFERENCES public.funding_fund(id) DEFERRABLE INITIALLY DEFERRED;


--
-- Name: funding_fund funding_fund_created_by_id_5a0cbaef_fk_auth_user_id; Type: FK CONSTRAINT; Schema: public; Owner: postgres
--

ALTER TABLE ONLY public.funding_fund
    ADD CONSTRAINT funding_fund_created_by_id_5a0cbaef_fk_auth_user_id FOREIGN KEY (created_by_id) REFERENCES public.auth_user(id) DEFERRABLE INITIALLY DEFERRED;


--
-- Name: funding_fundcarryover funding_fundcarryover_approved_by_id_e76873db_fk_auth_user_id; Type: FK CONSTRAINT; Schema: public; Owner: postgres
--

ALTER TABLE ONLY public.funding_fundcarryover
    ADD CONSTRAINT funding_fundcarryover_approved_by_id_e76873db_fk_auth_user_id FOREIGN KEY (approved_by_id) REFERENCES public.auth_user(id) DEFERRABLE INITIALLY DEFERRED;


--
-- Name: funding_fundcarryover funding_fundcarryover_created_by_id_5c3fc189_fk_auth_user_id; Type: FK CONSTRAINT; Schema: public; Owner: postgres
--

ALTER TABLE ONLY public.funding_fundcarryover
    ADD CONSTRAINT funding_fundcarryover_created_by_id_5c3fc189_fk_auth_user_id FOREIGN KEY (created_by_id) REFERENCES public.auth_user(id) DEFERRABLE INITIALLY DEFERRED;


--
-- Name: funding_fundcarryover funding_fundcarryover_fund_id_712929bf_fk_funding_fund_id; Type: FK CONSTRAINT; Schema: public; Owner: postgres
--

ALTER TABLE ONLY public.funding_fundcarryover
    ADD CONSTRAINT funding_fundcarryover_fund_id_712929bf_fk_funding_fund_id FOREIGN KEY (fund_id) REFERENCES public.funding_fund(id) DEFERRABLE INITIALLY DEFERRED;


--
-- Name: funding_fundingreport_funds funding_fundingrepor_fundingreport_id_2c30ad04_fk_funding_f; Type: FK CONSTRAINT; Schema: public; Owner: postgres
--

ALTER TABLE ONLY public.funding_fundingreport_funds
    ADD CONSTRAINT funding_fundingrepor_fundingreport_id_2c30ad04_fk_funding_f FOREIGN KEY (fundingreport_id) REFERENCES public.funding_fundingreport(id) DEFERRABLE INITIALLY DEFERRED;


--
-- Name: funding_fundingreport_funds funding_fundingreport_funds_fund_id_6da488fe_fk_funding_fund_id; Type: FK CONSTRAINT; Schema: public; Owner: postgres
--

ALTER TABLE ONLY public.funding_fundingreport_funds
    ADD CONSTRAINT funding_fundingreport_funds_fund_id_6da488fe_fk_funding_fund_id FOREIGN KEY (fund_id) REFERENCES public.funding_fund(id) DEFERRABLE INITIALLY DEFERRED;


--
-- Name: funding_fundingreport funding_fundingreport_generated_by_id_535dac04_fk_auth_user_id; Type: FK CONSTRAINT; Schema: public; Owner: postgres
--

ALTER TABLE ONLY public.funding_fundingreport
    ADD CONSTRAINT funding_fundingreport_generated_by_id_535dac04_fk_auth_user_id FOREIGN KEY (generated_by_id) REFERENCES public.auth_user(id) DEFERRABLE INITIALLY DEFERRED;


--
-- Name: funding_transaction funding_transaction_created_by_id_daf2a905_fk_auth_user_id; Type: FK CONSTRAINT; Schema: public; Owner: postgres
--

ALTER TABLE ONLY public.funding_transaction
    ADD CONSTRAINT funding_transaction_created_by_id_daf2a905_fk_auth_user_id FOREIGN KEY (created_by_id) REFERENCES public.auth_user(id) DEFERRABLE INITIALLY DEFERRED;


--
-- Name: funding_transaction funding_transaction_fund_id_bdf222fd_fk_funding_fund_id; Type: FK CONSTRAINT; Schema: public; Owner: postgres
--

ALTER TABLE ONLY public.funding_transaction
    ADD CONSTRAINT funding_transaction_fund_id_bdf222fd_fk_funding_fund_id FOREIGN KEY (fund_id) REFERENCES public.funding_fund(id) DEFERRABLE INITIALLY DEFERRED;


--
-- Name: items_item items_item_item_type_id_eff36d4b_fk_items_itemtype_id; Type: FK CONSTRAINT; Schema: public; Owner: postgres
--

ALTER TABLE ONLY public.items_item
    ADD CONSTRAINT items_item_item_type_id_eff36d4b_fk_items_itemtype_id FOREIGN KEY (item_type_id) REFERENCES public.items_itemtype(id) DEFERRABLE INITIALLY DEFERRED;


--
-- Name: items_item items_item_location_id_601afffa_fk_items_location_id; Type: FK CONSTRAINT; Schema: public; Owner: postgres
--

ALTER TABLE ONLY public.items_item
    ADD CONSTRAINT items_item_location_id_601afffa_fk_items_location_id FOREIGN KEY (location_id) REFERENCES public.items_location(id) DEFERRABLE INITIALLY DEFERRED;


--
-- Name: items_item items_item_owner_id_c5de0655_fk_auth_user_id; Type: FK CONSTRAINT; Schema: public; Owner: postgres
--

ALTER TABLE ONLY public.items_item
    ADD CONSTRAINT items_item_owner_id_c5de0655_fk_auth_user_id FOREIGN KEY (owner_id) REFERENCES public.auth_user(id) DEFERRABLE INITIALLY DEFERRED;


--
-- Name: items_item items_item_vendor_id_de9bc832_fk_items_vendor_id; Type: FK CONSTRAINT; Schema: public; Owner: postgres
--

ALTER TABLE ONLY public.items_item
    ADD CONSTRAINT items_item_vendor_id_de9bc832_fk_items_vendor_id FOREIGN KEY (vendor_id) REFERENCES public.items_vendor(id) DEFERRABLE INITIALLY DEFERRED;


--
-- Name: items_location items_location_parent_id_95142a92_fk_items_location_id; Type: FK CONSTRAINT; Schema: public; Owner: postgres
--

ALTER TABLE ONLY public.items_location
    ADD CONSTRAINT items_location_parent_id_95142a92_fk_items_location_id FOREIGN KEY (parent_id) REFERENCES public.items_location(id) DEFERRABLE INITIALLY DEFERRED;


--
-- Name: requests_request requests_request_requested_by_id_28f09574_fk_auth_user_id; Type: FK CONSTRAINT; Schema: public; Owner: postgres
--

ALTER TABLE ONLY public.requests_request
    ADD CONSTRAINT requests_request_requested_by_id_28f09574_fk_auth_user_id FOREIGN KEY (requested_by_id) REFERENCES public.auth_user(id) DEFERRABLE INITIALLY DEFERRED;


--
-- Name: requests_request requests_request_vendor_id_c0ae4bfe_fk_items_vendor_id; Type: FK CONSTRAINT; Schema: public; Owner: postgres
--

ALTER TABLE ONLY public.requests_request
    ADD CONSTRAINT requests_request_vendor_id_c0ae4bfe_fk_items_vendor_id FOREIGN KEY (vendor_id) REFERENCES public.items_vendor(id) DEFERRABLE INITIALLY DEFERRED;


--
-- Name: requests_requesthistory requests_requesthist_request_id_086d7b6d_fk_requests_; Type: FK CONSTRAINT; Schema: public; Owner: postgres
--

ALTER TABLE ONLY public.requests_requesthistory
    ADD CONSTRAINT requests_requesthist_request_id_086d7b6d_fk_requests_ FOREIGN KEY (request_id) REFERENCES public.requests_request(id) DEFERRABLE INITIALLY DEFERRED;


--
-- Name: requests_requesthistory requests_requesthistory_user_id_170b2abb_fk_auth_user_id; Type: FK CONSTRAINT; Schema: public; Owner: postgres
--

ALTER TABLE ONLY public.requests_requesthistory
    ADD CONSTRAINT requests_requesthistory_user_id_170b2abb_fk_auth_user_id FOREIGN KEY (user_id) REFERENCES public.auth_user(id) DEFERRABLE INITIALLY DEFERRED;


--
-- PostgreSQL database dump complete
--

